C_SU_SETID,K
C_SU_FORMS
C_SU_ID,%.20g,%.20g,%.20g,%.20g,%.20g,%.20g,%.20g,%.20g,%.20g,%.20g,%.20g,%.20g,%.20g,%.20g,%.20g,%.20g,%.20g,%.20g
C_SU_NAMES
C_SU_ID,bintype,grid_lf,grid_xa,grid_ya,grid_xb,grid_yb,grid_xc,grid_yc,grid_xd,grid_yd,grid_wb,grid_wc,grid_nb,grid_nc,grid_fp,grid_lp,grid_sb,grid_cb
K,30,1,339448.80631878064014,5539775.5134610440582,339811.10509756079409,5539147.5289111593738,340271.68262552609667,5540250.2497918596491,340633.98140430625062,5539622.2652419749647,25,50,30,20,1,600,-0.8661855860478405722,0.49972245348986754632
